PRAGMA foreign_keys = ON;

INSERT OR IGNORE INTO users (
  id,
  username,
  username_normalized,
  display_name,
  password_hash,
  role,
  created_at,
  updated_at
) VALUES (
  'admin-001',
  'admin',
  'admin',
  'Administrator',
  'pbkdf2_sha256$210000$Lfrn5UnP2WUA4aU6rwnqXA==$KjT9cqv2ttlkuZ89Iot+gFCBZTUyTYmJpFXU4DHnH5M=',
  'admin',
  '2026-01-01T00:00:00.000Z',
  '2026-01-01T00:00:00.000Z'
);

INSERT OR IGNORE INTO courses (
  id,
  title,
  slug,
  description,
  difficulty_level,
  visibility,
  featured_image,
  pricing_model,
  categories_json,
  tags_json,
  author,
  is_scheduled,
  schedule_date,
  is_public_course,
  max_students,
  certificate,
  status,
  created_at,
  updated_at
) VALUES (
  'seed-course-001',
  'Belajar Tajwid Al-Quran',
  'belajar-tajwid-al-quran',
  'Pelajari ilmu tajwid dari dasar hingga mahir. Kursus ini mencakup hukum nun mati dan tanwin, mad, dan kaidah membaca Al-Quran dengan baik.',
  'beginner',
  'public',
  'https://images.unsplash.com/photo-1609599006353-e629aaabfeae?w=800&q=80',
  'free',
  '["Tajwid","Alquran"]',
  '["tajwid","quran","pemula"]',
  'Ustadz Ahmad',
  0,
  '',
  1,
  100,
  1,
  'published',
  '2026-01-01T00:00:00.000Z',
  '2026-01-01T00:00:00.000Z'
);

INSERT OR IGNORE INTO topics (
  id,
  course_id,
  title,
  sort_order,
  created_at
) VALUES
  ('seed-topic-001', 'seed-course-001', 'Pengenalan Ilmu Tajwid', 0, '2026-01-01T00:00:00.000Z'),
  ('seed-topic-002', 'seed-course-001', 'Hukum Nun Mati dan Tanwin', 1, '2026-01-01T00:00:00.000Z');

INSERT OR IGNORE INTO lessons (
  id,
  topic_id,
  course_id,
  title,
  slug,
  content,
  featured_image,
  video_url,
  video_playback_hours,
  video_playback_minutes,
  video_playback_seconds,
  exercise_files_json,
  is_preview,
  preview_type,
  sort_order,
  created_at,
  updated_at
) VALUES
  (
    'seed-lesson-001',
    'seed-topic-001',
    'seed-course-001',
    'Apa Itu Ilmu Tajwid?',
    'apa-itu-ilmu-tajwid',
    '<h2>Pengertian Ilmu Tajwid</h2><p>Tajwid adalah ilmu untuk membaca Al-Quran sesuai kaidah yang benar.</p>',
    '',
    'https://www.youtube.com/watch?v=iBWqLsGPNJo',
    0,
    12,
    30,
    '[]',
    1,
    'free',
    0,
    '2026-01-01T00:00:00.000Z',
    '2026-01-01T00:00:00.000Z'
  ),
  (
    'seed-lesson-002',
    'seed-topic-001',
    'seed-course-001',
    'Makharijul Huruf',
    'makharijul-huruf',
    '<h2>Makharijul Huruf</h2><p>Makharijul huruf adalah tempat keluarnya huruf hijaiyah.</p>',
    '',
    'https://www.youtube.com/watch?v=R0hLA10MbKg',
    0,
    15,
    45,
    '[]',
    1,
    'free',
    1,
    '2026-01-01T00:00:00.000Z',
    '2026-01-01T00:00:00.000Z'
  ),
  (
    'seed-lesson-003',
    'seed-topic-002',
    'seed-course-001',
    'Izhar Halqi',
    'izhar-halqi',
    '<h2>Izhar Halqi</h2><p>Izhar berarti membaca jelas tanpa dengung.</p>',
    '',
    'https://www.youtube.com/watch?v=pEeXz_CFxYc',
    0,
    10,
    20,
    '[]',
    0,
    'free',
    0,
    '2026-01-01T00:00:00.000Z',
    '2026-01-01T00:00:00.000Z'
  );

INSERT OR IGNORE INTO courses (
  id,
  title,
  slug,
  description,
  difficulty_level,
  visibility,
  featured_image,
  pricing_model,
  categories_json,
  tags_json,
  author,
  is_scheduled,
  schedule_date,
  is_public_course,
  max_students,
  certificate,
  status,
  created_at,
  updated_at
) VALUES (
  'seed-course-002',
  'Pengantar Fiqih Islam',
  'pengantar-fiqih-islam',
  'Kursus dasar fiqih Islam meliputi thaharah, shalat, dan puasa dengan pembahasan sistematis untuk pelajar menengah.',
  'intermediate',
  'public',
  'https://images.unsplash.com/photo-1585036156171-384164a8c956?w=800&q=80',
  'free',
  '["Fiqih","Ushul Fiqih"]',
  '["fiqih","ibadah","shalat"]',
  'Ustadzah Fatimah',
  0,
  '',
  1,
  80,
  1,
  'published',
  '2026-01-01T00:00:00.000Z',
  '2026-01-01T00:00:00.000Z'
);

INSERT OR IGNORE INTO topics (
  id,
  course_id,
  title,
  sort_order,
  created_at
) VALUES
  ('seed-topic-003', 'seed-course-002', 'Bab Thaharah (Bersuci)', 0, '2026-01-01T00:00:00.000Z');

INSERT OR IGNORE INTO lessons (
  id,
  topic_id,
  course_id,
  title,
  slug,
  content,
  featured_image,
  video_url,
  video_playback_hours,
  video_playback_minutes,
  video_playback_seconds,
  exercise_files_json,
  is_preview,
  preview_type,
  sort_order,
  created_at,
  updated_at
) VALUES
  (
    'seed-lesson-004',
    'seed-topic-003',
    'seed-course-002',
    'Pengertian dan Macam-Macam Thaharah',
    'pengertian-dan-macam-macam-thaharah',
    '<h2>Thaharah</h2><p>Thaharah adalah bersuci dari hadats dan najis.</p>',
    '',
    'https://www.youtube.com/watch?v=s8GBf0XEhBQ',
    0,
    18,
    30,
    '[]',
    1,
    'free',
    0,
    '2026-01-01T00:00:00.000Z',
    '2026-01-01T00:00:00.000Z'
  ),
  (
    'seed-lesson-005',
    'seed-topic-003',
    'seed-course-002',
    'Tata Cara Wudhu yang Benar',
    'tata-cara-wudhu-yang-benar',
    '<h2>Rukun Wudhu</h2><p>Rukun wudhu terdiri dari enam perkara utama.</p>',
    '',
    'https://www.youtube.com/watch?v=mOjFBLSCJaI',
    0,
    12,
    45,
    '[]',
    1,
    'free',
    1,
    '2026-01-01T00:00:00.000Z',
    '2026-01-01T00:00:00.000Z'
  );
